window_id,subject_id,recording_id,split,start_s,end_s,label
0,S01,S01-night1,train,0.0,30.0,N2
1,S01,S01-night1,train,30.0,60.0,N2
2,S01,S01-night1,train,60.0,90.0,N1
3,S01,S01-night1,train,90.0,120.0,N1
4,S01,S01-night1,train,120.0,150.0,W
5,S01,S01-night1,train,150.0,180.0,W
6,S01,S01-night1,train,180.0,210.0,W
7,S01,S01-night1,train,210.0,240.0,N3
8,S01,S01-night1,train,240.0,270.0,REM
9,S01,S01-night1,train,270.0,300.0,W
10,S01,S01-night1,train,300.0,330.0,N2
11,S01,S01-night1,train,330.0,360.0,W
12,S01,S01-night1,train,360.0,390.0,W
13,S01,S01-night1,train,390.0,420.0,N2
14,S01,S01-night1,train,420.0,450.0,N2
15,S01,S01-night1,train,450.0,480.0,N2
16,S01,S01-night1,train,480.0,510.0,REM
17,S01,S01-night1,train,510.0,540.0,REM
18,S01,S01-night1,train,540.0,570.0,REM
19,S01,S01-night1,train,570.0,600.0,W
20,S01,S01-night1,train,600.0,630.0,W
21,S01,S01-night1,train,630.0,660.0,N3
22,S01,S01-night1,train,660.0,690.0,N2
23,S01,S01-night1,train,690.0,720.0,N2
24,S01,S01-night1,train,720.0,750.0,N2
25,S01,S01-night1,train,750.0,780.0,N2
26,S01,S01-night1,train,780.0,810.0,REM
27,S01,S01-night1,train,810.0,840.0,N3
28,S01,S01-night1,train,840.0,870.0,N2
29,S01,S01-night1,train,870.0,900.0,N3
30,S01,S01-night1,train,900.0,930.0,N2
31,S01,S01-night1,train,930.0,960.0,N2
32,S01,S01-night1,train,960.0,990.0,N2
33,S01,S01-night1,train,990.0,1020.0,REM
34,S01,S01-night1,train,1020.0,1050.0,N2
35,S01,S01-night1,train,1050.0,1080.0,N3
36,S01,S01-night1,train,1080.0,1110.0,N2
37,S01,S01-night1,train,1110.0,1140.0,N2
38,S01,S01-night1,train,1140.0,1170.0,N3
39,S01,S01-night1,train,1170.0,1200.0,N2
40,S01,S01-night2,train,0.0,30.0,N2
41,S01,S01-night2,train,30.0,60.0,REM
42,S01,S01-night2,train,60.0,90.0,N2
43,S01,S01-night2,train,90.0,120.0,N3
44,S01,S01-night2,train,120.0,150.0,N3
45,S01,S01-night2,train,150.0,180.0,N2
46,S01,S01-night2,train,180.0,210.0,N2
47,S01,S01-night2,train,210.0,240.0,REM
48,S01,S01-night2,train,240.0,270.0,N2
49,S01,S01-night2,train,270.0,300.0,N2
50,S01,S01-night2,train,300.0,330.0,N2
51,S01,S01-night2,train,330.0,360.0,W
52,S01,S01-night2,train,360.0,390.0,N1
53,S01,S01-night2,train,390.0,420.0,N2
54,S01,S01-night2,train,420.0,450.0,REM
55,S01,S01-night2,train,450.0,480.0,N3
56,S01,S01-night2,train,480.0,510.0,N2
57,S01,S01-night2,train,510.0,540.0,N2
58,S01,S01-night2,train,540.0,570.0,W
59,S01,S01-night2,train,570.0,600.0,W
60,S01,S01-night2,train,600.0,630.0,N3
61,S01,S01-night2,train,630.0,660.0,N2
62,S01,S01-night2,train,660.0,690.0,N3
63,S01,S01-night2,train,690.0,720.0,W
64,S01,S01-night2,train,720.0,750.0,N3
65,S01,S01-night2,train,750.0,780.0,N2
66,S01,S01-night2,train,780.0,810.0,N2
67,S01,S01-night2,train,810.0,840.0,N2
68,S01,S01-night2,train,840.0,870.0,REM
69,S01,S01-night2,train,870.0,900.0,N2
70,S01,S01-night2,train,900.0,930.0,N2
71,S01,S01-night2,train,930.0,960.0,N2
72,S01,S01-night2,train,960.0,990.0,REM
73,S01,S01-night2,train,990.0,1020.0,N2
74,S01,S01-night2,train,1020.0,1050.0,W
75,S01,S01-night2,train,1050.0,1080.0,W
76,S01,S01-night2,train,1080.0,1110.0,REM
77,S01,S01-night2,train,1110.0,1140.0,N1
78,S01,S01-night2,train,1140.0,1170.0,W
79,S01,S01-night2,train,1170.0,1200.0,W
80,S02,S02-night1,train,0.0,30.0,N2
81,S02,S02-night1,train,30.0,60.0,REM
82,S02,S02-night1,train,60.0,90.0,N3
83,S02,S02-night1,train,90.0,120.0,N3
84,S02,S02-night1,train,120.0,150.0,N2
85,S02,S02-night1,train,150.0,180.0,REM
86,S02,S02-night1,train,180.0,210.0,N2
87,S02,S02-night1,train,210.0,240.0,W
88,S02,S02-night1,train,240.0,270.0,N2
89,S02,S02-night1,train,270.0,300.0,W
90,S02,S02-night1,train,300.0,330.0,W
91,S02,S02-night1,train,330.0,360.0,REM
92,S02,S02-night1,train,360.0,390.0,N1
93,S02,S02-night1,train,390.0,420.0,W
94,S02,S02-night1,train,420.0,450.0,N2
95,S02,S02-night1,train,450.0,480.0,W
96,S02,S02-night1,train,480.0,510.0,N2
97,S02,S02-night1,train,510.0,540.0,W
98,S02,S02-night1,train,540.0,570.0,N3
99,S02,S02-night1,train,570.0,600.0,N2
100,S02,S02-night1,train,600.0,630.0,REM
101,S02,S02-night1,train,630.0,660.0,N3
102,S02,S02-night1,train,660.0,690.0,N2
103,S02,S02-night1,train,690.0,720.0,N2
104,S02,S02-night1,train,720.0,750.0,N2
105,S02,S02-night1,train,750.0,780.0,N2
106,S02,S02-night1,train,780.0,810.0,REM
107,S02,S02-night1,train,810.0,840.0,N2
108,S02,S02-night1,train,840.0,870.0,N1
109,S02,S02-night1,train,870.0,900.0,REM
110,S02,S02-night1,train,900.0,930.0,N3
111,S02,S02-night1,train,930.0,960.0,W
112,S02,S02-night1,train,960.0,990.0,W
113,S02,S02-night1,train,990.0,1020.0,N2
114,S02,S02-night1,train,1020.0,1050.0,N3
115,S02,S02-night1,train,1050.0,1080.0,N2
116,S02,S02-night1,train,1080.0,1110.0,N2
117,S02,S02-night1,train,1110.0,1140.0,N2
118,S02,S02-night1,train,1140.0,1170.0,N2
119,S02,S02-night1,train,1170.0,1200.0,N2
120,S02,S02-night2,train,0.0,30.0,N3
121,S02,S02-night2,train,30.0,60.0,N2
122,S02,S02-night2,train,60.0,90.0,N2
123,S02,S02-night2,train,90.0,120.0,W
124,S02,S02-night2,train,120.0,150.0,REM
125,S02,S02-night2,train,150.0,180.0,N2
126,S02,S02-night2,train,180.0,210.0,N2
127,S02,S02-night2,train,210.0,240.0,N3
128,S02,S02-night2,train,240.0,270.0,N2
129,S02,S02-night2,train,270.0,300.0,REM
130,S02,S02-night2,train,300.0,330.0,REM
131,S02,S02-night2,train,330.0,360.0,N3
132,S02,S02-night2,train,360.0,390.0,W
133,S02,S02-night2,train,390.0,420.0,N2
134,S02,S02-night2,train,420.0,450.0,N3
135,S02,S02-night2,train,450.0,480.0,N2
136,S02,S02-night2,train,480.0,510.0,N1
137,S02,S02-night2,train,510.0,540.0,N2
138,S02,S02-night2,train,540.0,570.0,N1
139,S02,S02-night2,train,570.0,600.0,N2
140,S02,S02-night2,train,600.0,630.0,N2
141,S02,S02-night2,train,630.0,660.0,N3
142,S02,S02-night2,train,660.0,690.0,N2
143,S02,S02-night2,train,690.0,720.0,REM
144,S02,S02-night2,train,720.0,750.0,N2
145,S02,S02-night2,train,750.0,780.0,N2
146,S02,S02-night2,train,780.0,810.0,N2
147,S02,S02-night2,train,810.0,840.0,W
148,S02,S02-night2,train,840.0,870.0,W
149,S02,S02-night2,train,870.0,900.0,REM
150,S02,S02-night2,train,900.0,930.0,N2
151,S02,S02-night2,train,930.0,960.0,W
152,S02,S02-night2,train,960.0,990.0,W
153,S02,S02-night2,train,990.0,1020.0,N2
154,S02,S02-night2,train,1020.0,1050.0,N3
155,S02,S02-night2,train,1050.0,1080.0,N2
156,S02,S02-night2,train,1080.0,1110.0,W
157,S02,S02-night2,train,1110.0,1140.0,W
158,S02,S02-night2,train,1140.0,1170.0,N2
159,S02,S02-night2,train,1170.0,1200.0,REM
160,S03,S03-night1,train,0.0,30.0,W
161,S03,S03-night1,train,30.0,60.0,N2
162,S03,S03-night1,train,60.0,90.0,W
163,S03,S03-night1,train,90.0,120.0,REM
164,S03,S03-night1,train,120.0,150.0,N2
165,S03,S03-night1,train,150.0,180.0,W
166,S03,S03-night1,train,180.0,210.0,N2
167,S03,S03-night1,train,210.0,240.0,N2
168,S03,S03-night1,train,240.0,270.0,N2
169,S03,S03-night1,train,270.0,300.0,REM
170,S03,S03-night1,train,300.0,330.0,N2
171,S03,S03-night1,train,330.0,360.0,N2
172,S03,S03-night1,train,360.0,390.0,N2
173,S03,S03-night1,train,390.0,420.0,N3
174,S03,S03-night1,train,420.0,450.0,W
175,S03,S03-night1,train,450.0,480.0,N1
176,S03,S03-night1,train,480.0,510.0,W
177,S03,S03-night1,train,510.0,540.0,N3
178,S03,S03-night1,train,540.0,570.0,N2
179,S03,S03-night1,train,570.0,600.0,N2
180,S03,S03-night1,train,600.0,630.0,N2
181,S03,S03-night1,train,630.0,660.0,REM
182,S03,S03-night1,train,660.0,690.0,N3
183,S03,S03-night1,train,690.0,720.0,N2
184,S03,S03-night1,train,720.0,750.0,N2
185,S03,S03-night1,train,750.0,780.0,N3
186,S03,S03-night1,train,780.0,810.0,W
187,S03,S03-night1,train,810.0,840.0,W
188,S03,S03-night1,train,840.0,870.0,N3
189,S03,S03-night1,train,870.0,900.0,N2
190,S03,S03-night1,train,900.0,930.0,N2
191,S03,S03-night1,train,930.0,960.0,W
192,S03,S03-night1,train,960.0,990.0,REM
193,S03,S03-night1,train,990.0,1020.0,N2
194,S03,S03-night1,train,1020.0,1050.0,REM
195,S03,S03-night1,train,1050.0,1080.0,N2
196,S03,S03-night1,train,1080.0,1110.0,N3
197,S03,S03-night1,train,1110.0,1140.0,REM
198,S03,S03-night1,train,1140.0,1170.0,N2
199,S03,S03-night1,train,1170.0,1200.0,N1
200,S03,S03-night2,train,0.0,30.0,W
201,S03,S03-night2,train,30.0,60.0,N2
202,S03,S03-night2,train,60.0,90.0,N2
203,S03,S03-night2,train,90.0,120.0,N3
204,S03,S03-night2,train,120.0,150.0,REM
205,S03,S03-night2,train,150.0,180.0,W
206,S03,S03-night2,train,180.0,210.0,N3
207,S03,S03-night2,train,210.0,240.0,N2
208,S03,S03-night2,train,240.0,270.0,N3
209,S03,S03-night2,train,270.0,300.0,N2
210,S03,S03-night2,train,300.0,330.0,W
211,S03,S03-night2,train,330.0,360.0,N3
212,S03,S03-night2,train,360.0,390.0,N2
213,S03,S03-night2,train,390.0,420.0,N2
214,S03,S03-night2,train,420.0,450.0,N2
215,S03,S03-night2,train,450.0,480.0,REM
216,S03,S03-night2,train,480.0,510.0,N2
217,S03,S03-night2,train,510.0,540.0,N3
218,S03,S03-night2,train,540.0,570.0,W
219,S03,S03-night2,train,570.0,600.0,N2
220,S03,S03-night2,train,600.0,630.0,N2
221,S03,S03-night2,train,630.0,660.0,REM
222,S03,S03-night2,train,660.0,690.0,N2
223,S03,S03-night2,train,690.0,720.0,REM
224,S03,S03-night2,train,720.0,750.0,N2
225,S03,S03-night2,train,750.0,780.0,N2
226,S03,S03-night2,train,780.0,810.0,W
227,S03,S03-night2,train,810.0,840.0,N2
228,S03,S03-night2,train,840.0,870.0,REM
229,S03,S03-night2,train,870.0,900.0,N2
230,S03,S03-night2,train,900.0,930.0,W
231,S03,S03-night2,train,930.0,960.0,N2
232,S03,S03-night2,train,960.0,990.0,N3
233,S03,S03-night2,train,990.0,1020.0,REM
234,S03,S03-night2,train,1020.0,1050.0,W
235,S03,S03-night2,train,1050.0,1080.0,N1
236,S03,S03-night2,train,1080.0,1110.0,N2
237,S03,S03-night2,train,1110.0,1140.0,N1
238,S03,S03-night2,train,1140.0,1170.0,N2
239,S03,S03-night2,train,1170.0,1200.0,W
240,S04,S04-night1,train,0.0,30.0,N2
241,S04,S04-night1,train,30.0,60.0,W
242,S04,S04-night1,train,60.0,90.0,N3
243,S04,S04-night1,train,90.0,120.0,N2
244,S04,S04-night1,train,120.0,150.0,W
245,S04,S04-night1,train,150.0,180.0,N2
246,S04,S04-night1,train,180.0,210.0,REM
247,S04,S04-night1,train,210.0,240.0,W
248,S04,S04-night1,train,240.0,270.0,N2
249,S04,S04-night1,train,270.0,300.0,N3
250,S04,S04-night1,train,300.0,330.0,REM
251,S04,S04-night1,train,330.0,360.0,W
252,S04,S04-night1,train,360.0,390.0,N3
253,S04,S04-night1,train,390.0,420.0,N3
254,S04,S04-night1,train,420.0,450.0,N2
255,S04,S04-night1,train,450.0,480.0,N2
256,S04,S04-night1,train,480.0,510.0,N2
257,S04,S04-night1,train,510.0,540.0,W
258,S04,S04-night1,train,540.0,570.0,W
259,S04,S04-night1,train,570.0,600.0,W
260,S04,S04-night1,train,600.0,630.0,REM
261,S04,S04-night1,train,630.0,660.0,N2
262,S04,S04-night1,train,660.0,690.0,REM
263,S04,S04-night1,train,690.0,720.0,N3
264,S04,S04-night1,train,720.0,750.0,REM
265,S04,S04-night1,train,750.0,780.0,REM
266,S04,S04-night1,train,780.0,810.0,N2
267,S04,S04-night1,train,810.0,840.0,N3
268,S04,S04-night1,train,840.0,870.0,N2
269,S04,S04-night1,train,870.0,900.0,N2
270,S04,S04-night1,train,900.0,930.0,N2
271,S04,S04-night1,train,930.0,960.0,W
272,S04,S04-night1,train,960.0,990.0,N2
273,S04,S04-night1,train,990.0,1020.0,N1
274,S04,S04-night1,train,1020.0,1050.0,N2
275,S04,S04-night1,train,1050.0,1080.0,N2
276,S04,S04-night1,train,1080.0,1110.0,N2
277,S04,S04-night1,train,1110.0,1140.0,N2
278,S04,S04-night1,train,1140.0,1170.0,N1
279,S04,S04-night1,train,1170.0,1200.0,N2
280,S04,S04-night2,train,0.0,30.0,N2
281,S04,S04-night2,train,30.0,60.0,N2
282,S04,S04-night2,train,60.0,90.0,N3
283,S04,S04-night2,train,90.0,120.0,W
284,S04,S04-night2,train,120.0,150.0,N2
285,S04,S04-night2,train,150.0,180.0,W
286,S04,S04-night2,train,180.0,210.0,REM
287,S04,S04-night2,train,210.0,240.0,REM
288,S04,S04-night2,train,240.0,270.0,REM
289,S04,S04-night2,train,270.0,300.0,N2
290,S04,S04-night2,train,300.0,330.0,W
291,S04,S04-night2,train,330.0,360.0,N2
292,S04,S04-night2,train,360.0,390.0,N3
293,S04,S04-night2,train,390.0,420.0,N1
294,S04,S04-night2,train,420.0,450.0,N2
295,S04,S04-night2,train,450.0,480.0,N3
296,S04,S04-night2,train,480.0,510.0,N2
297,S04,S04-night2,train,510.0,540.0,N3
298,S04,S04-night2,train,540.0,570.0,W
299,S04,S04-night2,train,570.0,600.0,N2
300,S04,S04-night2,train,600.0,630.0,W
301,S04,S04-night2,train,630.0,660.0,N3
302,S04,S04-night2,train,660.0,690.0,REM
303,S04,S04-night2,train,690.0,720.0,N2
304,S04,S04-night2,train,720.0,750.0,N2
305,S04,S04-night2,train,750.0,780.0,N2
306,S04,S04-night2,train,780.0,810.0,W
307,S04,S04-night2,train,810.0,840.0,N2
308,S04,S04-night2,train,840.0,870.0,N2
309,S04,S04-night2,train,870.0,900.0,W
310,S04,S04-night2,train,900.0,930.0,REM
311,S04,S04-night2,train,930.0,960.0,N2
312,S04,S04-night2,train,960.0,990.0,N2
313,S04,S04-night2,train,990.0,1020.0,N2
314,S04,S04-night2,train,1020.0,1050.0,N2
315,S04,S04-night2,train,1050.0,1080.0,N1
316,S04,S04-night2,train,1080.0,1110.0,N3
317,S04,S04-night2,train,1110.0,1140.0,W
318,S04,S04-night2,train,1140.0,1170.0,N2
319,S04,S04-night2,train,1170.0,1200.0,REM
320,S05,S05-night1,train,0.0,30.0,W
321,S05,S05-night1,train,30.0,60.0,REM
322,S05,S05-night1,train,60.0,90.0,N2
323,S05,S05-night1,train,90.0,120.0,REM
324,S05,S05-night1,train,120.0,150.0,N2
325,S05,S05-night1,train,150.0,180.0,W
326,S05,S05-night1,train,180.0,210.0,W
327,S05,S05-night1,train,210.0,240.0,N2
328,S05,S05-night1,train,240.0,270.0,W
329,S05,S05-night1,train,270.0,300.0,N3
330,S05,S05-night1,train,300.0,330.0,REM
331,S05,S05-night1,train,330.0,360.0,N2
332,S05,S05-night1,train,360.0,390.0,REM
333,S05,S05-night1,train,390.0,420.0,REM
334,S05,S05-night1,train,420.0,450.0,N2
335,S05,S05-night1,train,450.0,480.0,N2
336,S05,S05-night1,train,480.0,510.0,N3
337,S05,S05-night1,train,510.0,540.0,N1
338,S05,S05-night1,train,540.0,570.0,N2
339,S05,S05-night1,train,570.0,600.0,W
340,S05,S05-night1,train,600.0,630.0,N3
341,S05,S05-night1,train,630.0,660.0,N3
342,S05,S05-night1,train,660.0,690.0,N3
343,S05,S05-night1,train,690.0,720.0,N2
344,S05,S05-night1,train,720.0,750.0,N2
345,S05,S05-night1,train,750.0,780.0,N2
346,S05,S05-night1,train,780.0,810.0,W
347,S05,S05-night1,train,810.0,840.0,N1
348,S05,S05-night1,train,840.0,870.0,N2
349,S05,S05-night1,train,870.0,900.0,N2
350,S05,S05-night1,train,900.0,930.0,N2
351,S05,S05-night1,train,930.0,960.0,N2
352,S05,S05-night1,train,960.0,990.0,N2
353,S05,S05-night1,train,990.0,1020.0,N2
354,S05,S05-night1,train,1020.0,1050.0,N3
355,S05,S05-night1,train,1050.0,1080.0,N2
356,S05,S05-night1,train,1080.0,1110.0,REM
357,S05,S05-night1,train,1110.0,1140.0,W
358,S05,S05-night1,train,1140.0,1170.0,W
359,S05,S05-night1,train,1170.0,1200.0,N2
360,S05,S05-night2,train,0.0,30.0,W
361,S05,S05-night2,train,30.0,60.0,N3
362,S05,S05-night2,train,60.0,90.0,W
363,S05,S05-night2,train,90.0,120.0,REM
364,S05,S05-night2,train,120.0,150.0,W
365,S05,S05-night2,train,150.0,180.0,W
366,S05,S05-night2,train,180.0,210.0,N3
367,S05,S05-night2,train,210.0,240.0,W
368,S05,S05-night2,train,240.0,270.0,REM
369,S05,S05-night2,train,270.0,300.0,N2
370,S05,S05-night2,train,300.0,330.0,N2
371,S05,S05-night2,train,330.0,360.0,N2
372,S05,S05-night2,train,360.0,390.0,N2
373,S05,S05-night2,train,390.0,420.0,N2
374,S05,S05-night2,train,420.0,450.0,W
375,S05,S05-night2,train,450.0,480.0,REM
376,S05,S05-night2,train,480.0,510.0,N1
377,S05,S05-night2,train,510.0,540.0,N3
378,S05,S05-night2,train,540.0,570.0,REM
379,S05,S05-night2,train,570.0,600.0,N1
380,S05,S05-night2,train,600.0,630.0,N3
381,S05,S05-night2,train,630.0,660.0,N2
382,S05,S05-night2,train,660.0,690.0,N2
383,S05,S05-night2,train,690.0,720.0,N3
384,S05,S05-night2,train,720.0,750.0,REM
385,S05,S05-night2,train,750.0,780.0,N2
386,S05,S05-night2,train,780.0,810.0,W
387,S05,S05-night2,train,810.0,840.0,W
388,S05,S05-night2,train,840.0,870.0,N2
389,S05,S05-night2,train,870.0,900.0,N2
390,S05,S05-night2,train,900.0,930.0,N2
391,S05,S05-night2,train,930.0,960.0,REM
392,S05,S05-night2,train,960.0,990.0,N2
393,S05,S05-night2,train,990.0,1020.0,N2
394,S05,S05-night2,train,1020.0,1050.0,N2
395,S05,S05-night2,train,1050.0,1080.0,N2
396,S05,S05-night2,train,1080.0,1110.0,N3
397,S05,S05-night2,train,1110.0,1140.0,N2
398,S05,S05-night2,train,1140.0,1170.0,N2
399,S05,S05-night2,train,1170.0,1200.0,N2
400,S06,S06-night1,train,0.0,30.0,REM
401,S06,S06-night1,train,30.0,60.0,N3
402,S06,S06-night1,train,60.0,90.0,N3
403,S06,S06-night1,train,90.0,120.0,W
404,S06,S06-night1,train,120.0,150.0,N3
405,S06,S06-night1,train,150.0,180.0,N2
406,S06,S06-night1,train,180.0,210.0,N2
407,S06,S06-night1,train,210.0,240.0,W
408,S06,S06-night1,train,240.0,270.0,N2
409,S06,S06-night1,train,270.0,300.0,W
410,S06,S06-night1,train,300.0,330.0,N2
411,S06,S06-night1,train,330.0,360.0,W
412,S06,S06-night1,train,360.0,390.0,REM
413,S06,S06-night1,train,390.0,420.0,N2
414,S06,S06-night1,train,420.0,450.0,W
415,S06,S06-night1,train,450.0,480.0,N2
416,S06,S06-night1,train,480.0,510.0,REM
417,S06,S06-night1,train,510.0,540.0,N2
418,S06,S06-night1,train,540.0,570.0,N2
419,S06,S06-night1,train,570.0,600.0,N2
420,S06,S06-night1,train,600.0,630.0,N2
421,S06,S06-night1,train,630.0,660.0,W
422,S06,S06-night1,train,660.0,690.0,N1
423,S06,S06-night1,train,690.0,720.0,N3
424,S06,S06-night1,train,720.0,750.0,N2
425,S06,S06-night1,train,750.0,780.0,N3
426,S06,S06-night1,train,780.0,810.0,W
427,S06,S06-night1,train,810.0,840.0,REM
428,S06,S06-night1,train,840.0,870.0,W
429,S06,S06-night1,train,870.0,900.0,REM
430,S06,S06-night1,train,900.0,930.0,N1
431,S06,S06-night1,train,930.0,960.0,N3
432,S06,S06-night1,train,960.0,990.0,N2
433,S06,S06-night1,train,990.0,1020.0,REM
434,S06,S06-night1,train,1020.0,1050.0,N2
435,S06,S06-night1,train,1050.0,1080.0,N2
436,S06,S06-night1,train,1080.0,1110.0,N2
437,S06,S06-night1,train,1110.0,1140.0,N2
438,S06,S06-night1,train,1140.0,1170.0,N2
439,S06,S06-night1,train,1170.0,1200.0,N2
440,S06,S06-night2,train,0.0,30.0,N2
441,S06,S06-night2,train,30.0,60.0,N2
442,S06,S06-night2,train,60.0,90.0,REM
443,S06,S06-night2,train,90.0,120.0,N3
444,S06,S06-night2,train,120.0,150.0,N2
445,S06,S06-night2,train,150.0,180.0,N3
446,S06,S06-night2,train,180.0,210.0,N2
447,S06,S06-night2,train,210.0,240.0,W
448,S06,S06-night2,train,240.0,270.0,REM
449,S06,S06-night2,train,270.0,300.0,W
450,S06,S06-night2,train,300.0,330.0,N2
451,S06,S06-night2,train,330.0,360.0,N1
452,S06,S06-night2,train,360.0,390.0,N3
453,S06,S06-night2,train,390.0,420.0,N2
454,S06,S06-night2,train,420.0,450.0,N2
455,S06,S06-night2,train,450.0,480.0,W
456,S06,S06-night2,train,480.0,510.0,N2
457,S06,S06-night2,train,510.0,540.0,N2
458,S06,S06-night2,train,540.0,570.0,N2
459,S06,S06-night2,train,570.0,600.0,REM
460,S06,S06-night2,train,600.0,630.0,N3
461,S06,S06-night2,train,630.0,660.0,N2
462,S06,S06-night2,train,660.0,690.0,N3
463,S06,S06-night2,train,690.0,720.0,REM
464,S06,S06-night2,train,720.0,750.0,N2
465,S06,S06-night2,train,750.0,780.0,W
466,S06,S06-night2,train,780.0,810.0,N2
467,S06,S06-night2,train,810.0,840.0,N3
468,S06,S06-night2,train,840.0,870.0,W
469,S06,S06-night2,train,870.0,900.0,N1
470,S06,S06-night2,train,900.0,930.0,W
471,S06,S06-night2,train,930.0,960.0,REM
472,S06,S06-night2,train,960.0,990.0,REM
473,S06,S06-night2,train,990.0,1020.0,N2
474,S06,S06-night2,train,1020.0,1050.0,W
475,S06,S06-night2,train,1050.0,1080.0,N2
476,S06,S06-night2,train,1080.0,1110.0,W
477,S06,S06-night2,train,1110.0,1140.0,N2
478,S06,S06-night2,train,1140.0,1170.0,N2
479,S06,S06-night2,train,1170.0,1200.0,N2
480,S07,S07-night1,train,0.0,30.0,N2
481,S07,S07-night1,train,30.0,60.0,W
482,S07,S07-night1,train,60.0,90.0,N2
483,S07,S07-night1,train,90.0,120.0,N2
484,S07,S07-night1,train,120.0,150.0,N2
485,S07,S07-night1,train,150.0,180.0,REM
486,S07,S07-night1,train,180.0,210.0,N2
487,S07,S07-night1,train,210.0,240.0,N2
488,S07,S07-night1,train,240.0,270.0,N2
489,S07,S07-night1,train,270.0,300.0,N2
490,S07,S07-night1,train,300.0,330.0,W
491,S07,S07-night1,train,330.0,360.0,N3
492,S07,S07-night1,train,360.0,390.0,N2
493,S07,S07-night1,train,390.0,420.0,W
494,S07,S07-night1,train,420.0,450.0,W
495,S07,S07-night1,train,450.0,480.0,N3
496,S07,S07-night1,train,480.0,510.0,N2
497,S07,S07-night1,train,510.0,540.0,REM
498,S07,S07-night1,train,540.0,570.0,N1
499,S07,S07-night1,train,570.0,600.0,N3
500,S07,S07-night1,train,600.0,630.0,W
501,S07,S07-night1,train,630.0,660.0,N2
502,S07,S07-night1,train,660.0,690.0,N2
503,S07,S07-night1,train,690.0,720.0,N2
504,S07,S07-night1,train,720.0,750.0,REM
505,S07,S07-night1,train,750.0,780.0,N1
506,S07,S07-night1,train,780.0,810.0,N3
507,S07,S07-night1,train,810.0,840.0,N2
508,S07,S07-night1,train,840.0,870.0,W
509,S07,S07-night1,train,870.0,900.0,W
510,S07,S07-night1,train,900.0,930.0,REM
511,S07,S07-night1,train,930.0,960.0,N2
512,S07,S07-night1,train,960.0,990.0,REM
513,S07,S07-night1,train,990.0,1020.0,W
514,S07,S07-night1,train,1020.0,1050.0,N2
515,S07,S07-night1,train,1050.0,1080.0,N3
516,S07,S07-night1,train,1080.0,1110.0,REM
517,S07,S07-night1,train,1110.0,1140.0,N2
518,S07,S07-night1,train,1140.0,1170.0,N3
519,S07,S07-night1,train,1170.0,1200.0,N2
520,S07,S07-night2,train,0.0,30.0,N2
521,S07,S07-night2,train,30.0,60.0,N2
522,S07,S07-night2,train,60.0,90.0,REM
523,S07,S07-night2,train,90.0,120.0,W
524,S07,S07-night2,train,120.0,150.0,N2
525,S07,S07-night2,train,150.0,180.0,N2
526,S07,S07-night2,train,180.0,210.0,N2
527,S07,S07-night2,train,210.0,240.0,N2
528,S07,S07-night2,train,240.0,270.0,N2
529,S07,S07-night2,train,270.0,300.0,REM
530,S07,S07-night2,train,300.0,330.0,N1
531,S07,S07-night2,train,330.0,360.0,N3
532,S07,S07-night2,train,360.0,390.0,REM
533,S07,S07-night2,train,390.0,420.0,N2
534,S07,S07-night2,train,420.0,450.0,REM
535,S07,S07-night2,train,450.0,480.0,W
536,S07,S07-night2,train,480.0,510.0,N2
537,S07,S07-night2,train,510.0,540.0,N2
538,S07,S07-night2,train,540.0,570.0,N2
539,S07,S07-night2,train,570.0,600.0,W
540,S07,S07-night2,train,600.0,630.0,N3
541,S07,S07-night2,train,630.0,660.0,N3
542,S07,S07-night2,train,660.0,690.0,W
543,S07,S07-night2,train,690.0,720.0,N1
544,S07,S07-night2,train,720.0,750.0,N2
545,S07,S07-night2,train,750.0,780.0,N2
546,S07,S07-night2,train,780.0,810.0,N3
547,S07,S07-night2,train,810.0,840.0,W
548,S07,S07-night2,train,840.0,870.0,REM
549,S07,S07-night2,train,870.0,900.0,REM
550,S07,S07-night2,train,900.0,930.0,W
551,S07,S07-night2,train,930.0,960.0,N2
552,S07,S07-night2,train,960.0,990.0,N2
553,S07,S07-night2,train,990.0,1020.0,N3
554,S07,S07-night2,train,1020.0,1050.0,N3
555,S07,S07-night2,train,1050.0,1080.0,N2
556,S07,S07-night2,train,1080.0,1110.0,N2
557,S07,S07-night2,train,1110.0,1140.0,W
558,S07,S07-night2,train,1140.0,1170.0,W
559,S07,S07-night2,train,1170.0,1200.0,N2
560,S08,S08-night1,train,0.0,30.0,N1
561,S08,S08-night1,train,30.0,60.0,N2
562,S08,S08-night1,train,60.0,90.0,N2
563,S08,S08-night1,train,90.0,120.0,N2
564,S08,S08-night1,train,120.0,150.0,REM
565,S08,S08-night1,train,150.0,180.0,N2
566,S08,S08-night1,train,180.0,210.0,N3
567,S08,S08-night1,train,210.0,240.0,W
568,S08,S08-night1,train,240.0,270.0,N2
569,S08,S08-night1,train,270.0,300.0,N3
570,S08,S08-night1,train,300.0,330.0,REM
571,S08,S08-night1,train,330.0,360.0,W
572,S08,S08-night1,train,360.0,390.0,W
573,S08,S08-night1,train,390.0,420.0,N3
574,S08,S08-night1,train,420.0,450.0,REM
575,S08,S08-night1,train,450.0,480.0,W
576,S08,S08-night1,train,480.0,510.0,N2
577,S08,S08-night1,train,510.0,540.0,N1
578,S08,S08-night1,train,540.0,570.0,REM
579,S08,S08-night1,train,570.0,600.0,N2
580,S08,S08-night1,train,600.0,630.0,N2
581,S08,S08-night1,train,630.0,660.0,REM
582,S08,S08-night1,train,660.0,690.0,N2
583,S08,S08-night1,train,690.0,720.0,N2
584,S08,S08-night1,train,720.0,750.0,W
585,S08,S08-night1,train,750.0,780.0,N3
586,S08,S08-night1,train,780.0,810.0,N2
587,S08,S08-night1,train,810.0,840.0,N3
588,S08,S08-night1,train,840.0,870.0,N2
589,S08,S08-night1,train,870.0,900.0,W
590,S08,S08-night1,train,900.0,930.0,N2
591,S08,S08-night1,train,930.0,960.0,REM
592,S08,S08-night1,train,960.0,990.0,W
593,S08,S08-night1,train,990.0,1020.0,N2
594,S08,S08-night1,train,1020.0,1050.0,N2
595,S08,S08-night1,train,1050.0,1080.0,N3
596,S08,S08-night1,train,1080.0,1110.0,N2
597,S08,S08-night1,train,1110.0,1140.0,N2
598,S08,S08-night1,train,1140.0,1170.0,W
599,S08,S08-night1,train,1170.0,1200.0,N2
600,S08,S08-night2,train,0.0,30.0,N2
601,S08,S08-night2,train,30.0,60.0,N1
602,S08,S08-night2,train,60.0,90.0,REM
603,S08,S08-night2,train,90.0,120.0,REM
604,S08,S08-night2,train,120.0,150.0,N2
605,S08,S08-night2,train,150.0,180.0,N1
606,S08,S08-night2,train,180.0,210.0,N2
607,S08,S08-night2,train,210.0,240.0,W
608,S08,S08-night2,train,240.0,270.0,REM
609,S08,S08-night2,train,270.0,300.0,N2
610,S08,S08-night2,train,300.0,330.0,REM
611,S08,S08-night2,train,330.0,360.0,N2
612,S08,S08-night2,train,360.0,390.0,N3
613,S08,S08-night2,train,390.0,420.0,N2
614,S08,S08-night2,train,420.0,450.0,W
615,S08,S08-night2,train,450.0,480.0,N2
616,S08,S08-night2,train,480.0,510.0,REM
617,S08,S08-night2,train,510.0,540.0,N2
618,S08,S08-night2,train,540.0,570.0,W
619,S08,S08-night2,train,570.0,600.0,N2
620,S08,S08-night2,train,600.0,630.0,W
621,S08,S08-night2,train,630.0,660.0,N3
622,S08,S08-night2,train,660.0,690.0,N2
623,S08,S08-night2,train,690.0,720.0,REM
624,S08,S08-night2,train,720.0,750.0,N2
625,S08,S08-night2,train,750.0,780.0,N2
626,S08,S08-night2,train,780.0,810.0,W
627,S08,S08-night2,train,810.0,840.0,N2
628,S08,S08-night2,train,840.0,870.0,N2
629,S08,S08-night2,train,870.0,900.0,N2
630,S08,S08-night2,train,900.0,930.0,W
631,S08,S08-night2,train,930.0,960.0,N3
632,S08,S08-night2,train,960.0,990.0,N2
633,S08,S08-night2,train,990.0,1020.0,N3
634,S08,S08-night2,train,1020.0,1050.0,N3
635,S08,S08-night2,train,1050.0,1080.0,N2
636,S08,S08-night2,train,1080.0,1110.0,N2
637,S08,S08-night2,train,1110.0,1140.0,W
638,S08,S08-night2,train,1140.0,1170.0,W
639,S08,S08-night2,train,1170.0,1200.0,N3
640,S09,S09-night1,val,0.0,30.0,N2
641,S09,S09-night1,val,30.0,60.0,N2
642,S09,S09-night1,val,60.0,90.0,N2
643,S09,S09-night1,val,90.0,120.0,W
644,S09,S09-night1,val,120.0,150.0,W
645,S09,S09-night1,val,150.0,180.0,N2
646,S09,S09-night1,val,180.0,210.0,REM
647,S09,S09-night1,val,210.0,240.0,N2
648,S09,S09-night1,val,240.0,270.0,W
649,S09,S09-night1,val,270.0,300.0,N2
650,S09,S09-night1,val,300.0,330.0,N2
651,S09,S09-night1,val,330.0,360.0,N2
652,S09,S09-night1,val,360.0,390.0,N3
653,S09,S09-night1,val,390.0,420.0,N2
654,S09,S09-night1,val,420.0,450.0,N3
655,S09,S09-night1,val,450.0,480.0,W
656,S09,S09-night1,val,480.0,510.0,REM
657,S09,S09-night1,val,510.0,540.0,W
658,S09,S09-night1,val,540.0,570.0,N2
659,S09,S09-night1,val,570.0,600.0,N2
660,S09,S09-night1,val,600.0,630.0,N2
661,S09,S09-night1,val,630.0,660.0,REM
662,S09,S09-night1,val,660.0,690.0,N1
663,S09,S09-night1,val,690.0,720.0,REM
664,S09,S09-night1,val,720.0,750.0,W
665,S09,S09-night1,val,750.0,780.0,W
666,S09,S09-night1,val,780.0,810.0,N2
667,S09,S09-night1,val,810.0,840.0,N1
668,S09,S09-night1,val,840.0,870.0,N2
669,S09,S09-night1,val,870.0,900.0,REM
670,S09,S09-night1,val,900.0,930.0,N2
671,S09,S09-night1,val,930.0,960.0,REM
672,S09,S09-night1,val,960.0,990.0,N3
673,S09,S09-night1,val,990.0,1020.0,N2
674,S09,S09-night1,val,1020.0,1050.0,N2
675,S09,S09-night1,val,1050.0,1080.0,N2
676,S09,S09-night1,val,1080.0,1110.0,N3
677,S09,S09-night1,val,1110.0,1140.0,N3
678,S09,S09-night1,val,1140.0,1170.0,W
679,S09,S09-night1,val,1170.0,1200.0,N3
680,S09,S09-night2,val,0.0,30.0,N1
681,S09,S09-night2,val,30.0,60.0,N2
682,S09,S09-night2,val,60.0,90.0,W
683,S09,S09-night2,val,90.0,120.0,N2
684,S09,S09-night2,val,120.0,150.0,N2
685,S09,S09-night2,val,150.0,180.0,N2
686,S09,S09-night2,val,180.0,210.0,N3
687,S09,S09-night2,val,210.0,240.0,REM
688,S09,S09-night2,val,240.0,270.0,N2
689,S09,S09-night2,val,270.0,300.0,N2
690,S09,S09-night2,val,300.0,330.0,W
691,S09,S09-night2,val,330.0,360.0,N2
692,S09,S09-night2,val,360.0,390.0,N2
693,S09,S09-night2,val,390.0,420.0,REM
694,S09,S09-night2,val,420.0,450.0,N2
695,S09,S09-night2,val,450.0,480.0,N3
696,S09,S09-night2,val,480.0,510.0,W
697,S09,S09-night2,val,510.0,540.0,N2
698,S09,S09-night2,val,540.0,570.0,W
699,S09,S09-night2,val,570.0,600.0,N2
700,S09,S09-night2,val,600.0,630.0,N2
701,S09,S09-night2,val,630.0,660.0,N3
702,S09,S09-night2,val,660.0,690.0,N2
703,S09,S09-night2,val,690.0,720.0,N3
704,S09,S09-night2,val,720.0,750.0,W
705,S09,S09-night2,val,750.0,780.0,REM
706,S09,S09-night2,val,780.0,810.0,W
707,S09,S09-night2,val,810.0,840.0,N2
708,S09,S09-night2,val,840.0,870.0,REM
709,S09,S09-night2,val,870.0,900.0,N3
710,S09,S09-night2,val,900.0,930.0,N2
711,S09,S09-night2,val,930.0,960.0,N2
712,S09,S09-night2,val,960.0,990.0,N1
713,S09,S09-night2,val,990.0,1020.0,N3
714,S09,S09-night2,val,1020.0,1050.0,W
715,S09,S09-night2,val,1050.0,1080.0,W
716,S09,S09-night2,val,1080.0,1110.0,REM
717,S09,S09-night2,val,1110.0,1140.0,N2
718,S09,S09-night2,val,1140.0,1170.0,REM
719,S09,S09-night2,val,1170.0,1200.0,N2
720,S10,S10-night1,val,0.0,30.0,N2
721,S10,S10-night1,val,30.0,60.0,REM
722,S10,S10-night1,val,60.0,90.0,N2
723,S10,S10-night1,val,90.0,120.0,N1
724,S10,S10-night1,val,120.0,150.0,N2
725,S10,S10-night1,val,150.0,180.0,REM
726,S10,S10-night1,val,180.0,210.0,W
727,S10,S10-night1,val,210.0,240.0,N2
728,S10,S10-night1,val,240.0,270.0,N3
729,S10,S10-night1,val,270.0,300.0,N2
730,S10,S10-night1,val,300.0,330.0,N2
731,S10,S10-night1,val,330.0,360.0,REM
732,S10,S10-night1,val,360.0,390.0,REM
733,S10,S10-night1,val,390.0,420.0,N3
734,S10,S10-night1,val,420.0,450.0,N3
735,S10,S10-night1,val,450.0,480.0,N2
736,S10,S10-night1,val,480.0,510.0,N2
737,S10,S10-night1,val,510.0,540.0,N3
738,S10,S10-night1,val,540.0,570.0,W
739,S10,S10-night1,val,570.0,600.0,N2
740,S10,S10-night1,val,600.0,630.0,N2
741,S10,S10-night1,val,630.0,660.0,N3
742,S10,S10-night1,val,660.0,690.0,W
743,S10,S10-night1,val,690.0,720.0,W
744,S10,S10-night1,val,720.0,750.0,REM
745,S10,S10-night1,val,750.0,780.0,W
746,S10,S10-night1,val,780.0,810.0,N2
747,S10,S10-night1,val,810.0,840.0,N2
748,S10,S10-night1,val,840.0,870.0,W
749,S10,S10-night1,val,870.0,900.0,N2
750,S10,S10-night1,val,900.0,930.0,N2
751,S10,S10-night1,val,930.0,960.0,N2
752,S10,S10-night1,val,960.0,990.0,REM
753,S10,S10-night1,val,990.0,1020.0,N2
754,S10,S10-night1,val,1020.0,1050.0,N2
755,S10,S10-night1,val,1050.0,1080.0,N1
756,S10,S10-night1,val,1080.0,1110.0,W
757,S10,S10-night1,val,1110.0,1140.0,N3
758,S10,S10-night1,val,1140.0,1170.0,W
759,S10,S10-night1,val,1170.0,1200.0,N2
760,S10,S10-night2,val,0.0,30.0,W
761,S10,S10-night2,val,30.0,60.0,W
762,S10,S10-night2,val,60.0,90.0,N2
763,S10,S10-night2,val,90.0,120.0,N1
764,S10,S10-night2,val,120.0,150.0,N2
765,S10,S10-night2,val,150.0,180.0,N3
766,S10,S10-night2,val,180.0,210.0,N3
767,S10,S10-night2,val,210.0,240.0,N2
768,S10,S10-night2,val,240.0,270.0,N2
769,S10,S10-night2,val,270.0,300.0,REM
770,S10,S10-night2,val,300.0,330.0,N2
771,S10,S10-night2,val,330.0,360.0,W
772,S10,S10-night2,val,360.0,390.0,REM
773,S10,S10-night2,val,390.0,420.0,N1
774,S10,S10-night2,val,420.0,450.0,W
775,S10,S10-night2,val,450.0,480.0,W
776,S10,S10-night2,val,480.0,510.0,REM
777,S10,S10-night2,val,510.0,540.0,N2
778,S10,S10-night2,val,540.0,570.0,N2
779,S10,S10-night2,val,570.0,600.0,W
780,S10,S10-night2,val,600.0,630.0,N2
781,S10,S10-night2,val,630.0,660.0,N3
782,S10,S10-night2,val,660.0,690.0,N3
783,S10,S10-night2,val,690.0,720.0,N2
784,S10,S10-night2,val,720.0,750.0,N2
785,S10,S10-night2,val,750.0,780.0,N2
786,S10,S10-night2,val,780.0,810.0,N2
787,S10,S10-night2,val,810.0,840.0,N2
788,S10,S10-night2,val,840.0,870.0,REM
789,S10,S10-night2,val,870.0,900.0,REM
790,S10,S10-night2,val,900.0,930.0,N2
791,S10,S10-night2,val,930.0,960.0,N2
792,S10,S10-night2,val,960.0,990.0,N3
793,S10,S10-night2,val,990.0,1020.0,N3
794,S10,S10-night2,val,1020.0,1050.0,N2
795,S10,S10-night2,val,1050.0,1080.0,N2
796,S10,S10-night2,val,1080.0,1110.0,W
797,S10,S10-night2,val,1110.0,1140.0,REM
798,S10,S10-night2,val,1140.0,1170.0,N2
799,S10,S10-night2,val,1170.0,1200.0,W
800,S11,S11-night1,test,0.0,30.0,W
801,S11,S11-night1,test,30.0,60.0,W
802,S11,S11-night1,test,60.0,90.0,N2
803,S11,S11-night1,test,90.0,120.0,N2
804,S11,S11-night1,test,120.0,150.0,N1
805,S11,S11-night1,test,150.0,180.0,REM
806,S11,S11-night1,test,180.0,210.0,N2
807,S11,S11-night1,test,210.0,240.0,N3
808,S11,S11-night1,test,240.0,270.0,N3
809,S11,S11-night1,test,270.0,300.0,W
810,S11,S11-night1,test,300.0,330.0,N3
811,S11,S11-night1,test,330.0,360.0,N2
812,S11,S11-night1,test,360.0,390.0,REM
813,S11,S11-night1,test,390.0,420.0,REM
814,S11,S11-night1,test,420.0,450.0,N2
815,S11,S11-night1,test,450.0,480.0,REM
816,S11,S11-night1,test,480.0,510.0,W
817,S11,S11-night1,test,510.0,540.0,N2
818,S11,S11-night1,test,540.0,570.0,N2
819,S11,S11-night1,test,570.0,600.0,N2
820,S11,S11-night1,test,600.0,630.0,N2
821,S11,S11-night1,test,630.0,660.0,N3
822,S11,S11-night1,test,660.0,690.0,W
823,S11,S11-night1,test,690.0,720.0,N2
824,S11,S11-night1,test,720.0,750.0,N1
825,S11,S11-night1,test,750.0,780.0,N2
826,S11,S11-night1,test,780.0,810.0,N3
827,S11,S11-night1,test,810.0,840.0,N2
828,S11,S11-night1,test,840.0,870.0,REM
829,S11,S11-night1,test,870.0,900.0,N2
830,S11,S11-night1,test,900.0,930.0,W
831,S11,S11-night1,test,930.0,960.0,N2
832,S11,S11-night1,test,960.0,990.0,N2
833,S11,S11-night1,test,990.0,1020.0,N2
834,S11,S11-night1,test,1020.0,1050.0,REM
835,S11,S11-night1,test,1050.0,1080.0,N2
836,S11,S11-night1,test,1080.0,1110.0,N3
837,S11,S11-night1,test,1110.0,1140.0,W
838,S11,S11-night1,test,1140.0,1170.0,N2
839,S11,S11-night1,test,1170.0,1200.0,W
840,S11,S11-night2,test,0.0,30.0,N2
841,S11,S11-night2,test,30.0,60.0,N1
842,S11,S11-night2,test,60.0,90.0,N3
843,S11,S11-night2,test,90.0,120.0,REM
844,S11,S11-night2,test,120.0,150.0,N2
845,S11,S11-night2,test,150.0,180.0,N2
846,S11,S11-night2,test,180.0,210.0,N2
847,S11,S11-night2,test,210.0,240.0,N2
848,S11,S11-night2,test,240.0,270.0,N3
849,S11,S11-night2,test,270.0,300.0,W
850,S11,S11-night2,test,300.0,330.0,N2
851,S11,S11-night2,test,330.0,360.0,N3
852,S11,S11-night2,test,360.0,390.0,N3
853,S11,S11-night2,test,390.0,420.0,REM
854,S11,S11-night2,test,420.0,450.0,REM
855,S11,S11-night2,test,450.0,480.0,N2
856,S11,S11-night2,test,480.0,510.0,N2
857,S11,S11-night2,test,510.0,540.0,N1
858,S11,S11-night2,test,540.0,570.0,REM
859,S11,S11-night2,test,570.0,600.0,N3
860,S11,S11-night2,test,600.0,630.0,N2
861,S11,S11-night2,test,630.0,660.0,N2
862,S11,S11-night2,test,660.0,690.0,W
863,S11,S11-night2,test,690.0,720.0,W
864,S11,S11-night2,test,720.0,750.0,W
865,S11,S11-night2,test,750.0,780.0,W
866,S11,S11-night2,test,780.0,810.0,N2
867,S11,S11-night2,test,810.0,840.0,N2
868,S11,S11-night2,test,840.0,870.0,N2
869,S11,S11-night2,test,870.0,900.0,W
870,S11,S11-night2,test,900.0,930.0,N2
871,S11,S11-night2,test,930.0,960.0,N2
872,S11,S11-night2,test,960.0,990.0,N2
873,S11,S11-night2,test,990.0,1020.0,N3
874,S11,S11-night2,test,1020.0,1050.0,W
875,S11,S11-night2,test,1050.0,1080.0,N2
876,S11,S11-night2,test,1080.0,1110.0,REM
877,S11,S11-night2,test,1110.0,1140.0,N2
878,S11,S11-night2,test,1140.0,1170.0,W
879,S11,S11-night2,test,1170.0,1200.0,REM
880,S12,S12-night1,test,0.0,30.0,N2
881,S12,S12-night1,test,30.0,60.0,N1
882,S12,S12-night1,test,60.0,90.0,N2
883,S12,S12-night1,test,90.0,120.0,W
884,S12,S12-night1,test,120.0,150.0,N3
885,S12,S12-night1,test,150.0,180.0,N2
886,S12,S12-night1,test,180.0,210.0,N2
887,S12,S12-night1,test,210.0,240.0,N3
888,S12,S12-night1,test,240.0,270.0,W
889,S12,S12-night1,test,270.0,300.0,N3
890,S12,S12-night1,test,300.0,330.0,N2
891,S12,S12-night1,test,330.0,360.0,N2
892,S12,S12-night1,test,360.0,390.0,W
893,S12,S12-night1,test,390.0,420.0,N3
894,S12,S12-night1,test,420.0,450.0,N2
895,S12,S12-night1,test,450.0,480.0,REM
896,S12,S12-night1,test,480.0,510.0,W
897,S12,S12-night1,test,510.0,540.0,REM
898,S12,S12-night1,test,540.0,570.0,N2
899,S12,S12-night1,test,570.0,600.0,N2
900,S12,S12-night1,test,600.0,630.0,W
901,S12,S12-night1,test,630.0,660.0,N2
902,S12,S12-night1,test,660.0,690.0,W
903,S12,S12-night1,test,690.0,720.0,REM
904,S12,S12-night1,test,720.0,750.0,N2
905,S12,S12-night1,test,750.0,780.0,REM
906,S12,S12-night1,test,780.0,810.0,W
907,S12,S12-night1,test,810.0,840.0,N2
908,S12,S12-night1,test,840.0,870.0,N3
909,S12,S12-night1,test,870.0,900.0,N2
910,S12,S12-night1,test,900.0,930.0,W
911,S12,S12-night1,test,930.0,960.0,N2
912,S12,S12-night1,test,960.0,990.0,N2
913,S12,S12-night1,test,990.0,1020.0,REM
914,S12,S12-night1,test,1020.0,1050.0,N2
915,S12,S12-night1,test,1050.0,1080.0,N3
916,S12,S12-night1,test,1080.0,1110.0,N1
917,S12,S12-night1,test,1110.0,1140.0,REM
918,S12,S12-night1,test,1140.0,1170.0,N2
919,S12,S12-night1,test,1170.0,1200.0,N2
920,S12,S12-night2,test,0.0,30.0,REM
921,S12,S12-night2,test,30.0,60.0,W
922,S12,S12-night2,test,60.0,90.0,N3
923,S12,S12-night2,test,90.0,120.0,N2
924,S12,S12-night2,test,120.0,150.0,REM
925,S12,S12-night2,test,150.0,180.0,W
926,S12,S12-night2,test,180.0,210.0,N2
927,S12,S12-night2,test,210.0,240.0,N2
928,S12,S12-night2,test,240.0,270.0,N1
929,S12,S12-night2,test,270.0,300.0,N2
930,S12,S12-night2,test,300.0,330.0,N2
931,S12,S12-night2,test,330.0,360.0,N2
932,S12,S12-night2,test,360.0,390.0,REM
933,S12,S12-night2,test,390.0,420.0,N3
934,S12,S12-night2,test,420.0,450.0,W
935,S12,S12-night2,test,450.0,480.0,N2
936,S12,S12-night2,test,480.0,510.0,N3
937,S12,S12-night2,test,510.0,540.0,REM
938,S12,S12-night2,test,540.0,570.0,W
939,S12,S12-night2,test,570.0,600.0,N2
940,S12,S12-night2,test,600.0,630.0,N3
941,S12,S12-night2,test,630.0,660.0,N2
942,S12,S12-night2,test,660.0,690.0,REM
943,S12,S12-night2,test,690.0,720.0,W
944,S12,S12-night2,test,720.0,750.0,N2
945,S12,S12-night2,test,750.0,780.0,W
946,S12,S12-night2,test,780.0,810.0,N2
947,S12,S12-night2,test,810.0,840.0,W
948,S12,S12-night2,test,840.0,870.0,N2
949,S12,S12-night2,test,870.0,900.0,REM
950,S12,S12-night2,test,900.0,930.0,N3
951,S12,S12-night2,test,930.0,960.0,N1
952,S12,S12-night2,test,960.0,990.0,N2
953,S12,S12-night2,test,990.0,1020.0,N2
954,S12,S12-night2,test,1020.0,1050.0,N3
955,S12,S12-night2,test,1050.0,1080.0,W
956,S12,S12-night2,test,1080.0,1110.0,N2
957,S12,S12-night2,test,1110.0,1140.0,N2
958,S12,S12-night2,test,1140.0,1170.0,N2
959,S12,S12-night2,test,1170.0,1200.0,N2
